,mean,var,scale
0,0.32411209287986326,0.22089638161587247,0.4699961506394201
1,0.21617869240148052,0.23722406176188604,0.4870565283022968
2,0.22195950337772605,0.21120211014629287,0.45956730752556024
3,0.27177109419863,0.2552734184088218,0.5052458989529968
4,-0.006251346385291913,0.2248752266239982,0.4742101080997728
